epoch;cumulative_absolute_percentage_error_kerras_metric;loss;root_mean_squared_error;val_cumulative_absolute_percentage_error_kerras_metric;val_loss;val_root_mean_squared_error
0;0.1274069994688034;610482304.0;24707.939453125;0.10556726902723312;329899008.0;18163.12109375
1;0.09083041548728943;251198688.0;15849.2490234375;0.09864269942045212;282186688.0;16798.412109375
2;0.08953646570444107;247298032.0;15725.7119140625;0.10181475430727005;329236928.0;18144.88671875
3;0.08769228309392929;239645728.0;15480.4951171875;0.11865958571434021;467916704.0;21631.3828125
4;0.09048393368721008;264511440.0;16263.8076171875;0.10111907869577408;318553408.0;17848.064453125
5;0.08284533768892288;210686560.0;14515.0458984375;0.09146826714277267;256235504.0;16007.357421875
6;0.08237583935260773;209845104.0;14486.03125;0.09526904672384262;290582112.0;17046.46875
7;0.08272600919008255;214948512.0;14661.1220703125;0.09902384877204895;316660800.0;17794.96484375
8;0.08270097523927689;220824384.0;14860.1611328125;0.10166788846254349;325130752.0;18031.3828125
9;0.08033129572868347;208880448.0;14452.6962890625;0.08834736049175262;248396512.0;15760.599609375
10;0.07703643292188644;190557712.0;13804.2646484375;0.09370463341474533;246859632.0;15711.767578125
11;0.07769818603992462;193907920.0;13925.08203125;0.09070329368114471;258429648.0;16075.7470703125
12;0.07718821614980698;194576816.0;13949.0791015625;0.10510475188493729;371159840.0;19265.5078125
13;0.07757504284381866;197382400.0;14049.2841796875;0.08832012116909027;248993248.0;15779.51953125
14;0.07465238124132156;182465008.0;13507.9609375;0.09018585830926895;269833824.0;16426.619140625
15;0.07763603329658508;201719536.0;14202.7998046875;0.09306377172470093;269817024.0;16426.107421875
16;0.07625461369752884;188208704.0;13718.91796875;0.09107312560081482;260155376.0;16129.3330078125
17;0.07530411332845688;185636464.0;13624.8466796875;0.08655983209609985;240618752.0;15511.890625
18;0.07418081909418106;181516352.0;13472.80078125;0.08614616096019745;239928224.0;15489.6162109375
19;0.07277148216962814;176775712.0;13295.7021484375;0.0892164558172226;250826080.0;15837.4892578125
20;0.07381091266870499;181527152.0;13473.201171875;0.08875329792499542;253162848.0;15911.091796875
21;0.0723101869225502;174970192.0;13227.6298828125;0.08572743088006973;232766784.0;15256.6962890625
22;0.07327978312969208;176879280.0;13299.5966796875;0.08849557489156723;249557696.0;15797.3955078125
23;0.07204783707857132;171492752.0;13095.5244140625;0.09199191629886627;270808512.0;16456.259765625
24;0.07202316075563431;170467104.0;13056.3046875;0.0860593318939209;231884272.0;15227.74609375
25;0.07373778522014618;178861296.0;13373.9033203125;0.08940160274505615;261857152.0;16182.0009765625
26;0.07261480391025543;176799824.0;13296.609375;0.11189362406730652;426604608.0;20654.408203125
27;0.07297854870557785;178010720.0;13342.0654296875;0.09260891377925873;263086848.0;16219.9521484375
28;0.07181823253631592;171336752.0;13089.56640625;0.08723360300064087;235205104.0;15336.3974609375
29;0.07183720916509628;171483216.0;13095.16015625;0.0890558660030365;257573040.0;16049.08203125
30;0.07101757079362869;167843680.0;12955.44921875;0.08640510588884354;239717456.0;15482.8115234375
31;0.07161055505275726;170563552.0;13059.998046875;0.09101083874702454;250978128.0;15842.2890625
32;0.06974127888679504;159729424.0;12638.41015625;0.08965002000331879;262032384.0;16187.4140625
33;0.07017695158720016;164941488.0;12842.955078125;0.0846768170595169;234950528.0;15328.095703125
34;0.06993652880191803;162533360.0;12748.857421875;0.08220692723989487;226778544.0;15059.16796875
35;0.06986172497272491;165707584.0;12872.74609375;0.09860377758741379;319306720.0;17869.154296875
36;0.06987525522708893;161493152.0;12707.9951171875;0.08655163645744324;227324528.0;15077.28515625
37;0.0715131014585495;172260976.0;13124.822265625;0.09092124551534653;250327872.0;15821.7529296875
38;0.06937377154827118;159851408.0;12643.2353515625;0.07929404824972153;205645248.0;14340.3359375
39;0.0714515894651413;171838832.0;13108.7314453125;0.10889293253421783;383602112.0;19585.76171875
40;0.06950096786022186;159450288.0;12627.3623046875;0.08446450531482697;225740928.0;15024.6767578125
41;0.06863881647586823;156249904.0;12499.99609375;0.08420560508966446;230959984.0;15197.3671875
42;0.06995919346809387;165080224.0;12848.3544921875;0.0833243727684021;214968064.0;14661.7890625
43;0.06942802667617798;160299904.0;12660.9599609375;0.08038443326950073;218036496.0;14766.05859375
44;0.0691991075873375;160157136.0;12655.3203125;0.08383402973413467;228651680.0;15121.232421875
45;0.0683935210108757;156162080.0;12496.482421875;0.08262478560209274;226840736.0;15061.232421875
46;0.06759212166070938;153014752.0;12369.9130859375;0.0820939838886261;216030928.0;14697.990234375
47;0.06633792817592621;147786448.0;12156.7451171875;0.08215901255607605;215288016.0;14672.6962890625
48;0.06703172624111176;151067504.0;12290.9521484375;0.08832079917192459;258142304.0;16066.8076171875
49;0.07160086929798126;184333168.0;13576.935546875;0.08299481123685837;226692208.0;15056.30078125
50;0.0679505318403244;152854080.0;12363.4169921875;0.08040903508663177;210646016.0;14513.6494140625
51;0.06651224195957184;149574992.0;12230.0849609375;0.0888274610042572;252060528.0;15876.4140625
52;0.06672044843435287;149504384.0;12227.1982421875;0.0817241370677948;214692736.0;14652.396484375
53;0.06591346114873886;145187072.0;12049.359375;0.08145365118980408;215020656.0;14663.58203125
54;0.06625979393720627;147852032.0;12159.4423828125;0.08157018572092056;223004752.0;14933.34375
55;0.07039158791303635;169333936.0;13012.837890625;0.0829276293516159;223719968.0;14957.271484375
56;0.06589365005493164;144888192.0;12036.951171875;0.08257758617401123;225798320.0;15026.5869140625
57;0.06587498635053635;145793184.0;12074.484375;0.09098450839519501;272862784.0;16518.55859375
58;0.06779710203409195;153844192.0;12403.39453125;0.08498340100049973;230751248.0;15190.498046875
59;0.06611689180135727;147064480.0;12127.013671875;0.08441955596208572;225650880.0;15021.6796875
60;0.06659430265426636;148995424.0;12206.3681640625;0.08037789911031723;213117872.0;14598.5576171875
61;0.06549667567014694;143318688.0;11971.578125;0.10624152421951294;378953088.0;19466.716796875
62;0.06706131249666214;149978512.0;12246.5712890625;0.08076528459787369;210456448.0;14507.1171875
63;0.06502411514520645;141918544.0;11912.95703125;0.08267010748386383;224092752.0;14969.728515625
64;0.06553754955530167;142376048.0;11932.1435546875;0.08438149839639664;229099280.0;15136.025390625
65;0.06463873386383057;140503216.0;11853.4052734375;0.08907674252986908;258590704.0;16080.755859375
66;0.06701493263244629;150236048.0;12257.08203125;0.0808011069893837;210450704.0;14506.9189453125
67;0.06587925553321838;144844208.0;12035.1240234375;0.0817730501294136;213167408.0;14600.25390625
68;0.06512832641601562;142578576.0;11940.626953125;0.08740030974149704;239167184.0;15465.0302734375
69;0.06628818809986115;146907312.0;12120.5322265625;0.08021903038024902;207285184.0;14397.40234375
70;0.06553966552019119;144133664.0;12005.568359375;0.08043801784515381;202608832.0;14234.072265625
71;0.0659150779247284;145901312.0;12078.9619140625;0.07946737110614777;205325376.0;14329.1787109375
72;0.0644349679350853;141059872.0;11876.8623046875;0.08216976374387741;216176688.0;14702.9482421875
73;0.06489522010087967;140667808.0;11860.345703125;0.09889653325080872;319454848.0;17873.298828125
74;0.06462125480175018;140335488.0;11846.328125;0.08305030316114426;215709792.0;14687.0615234375
75;0.06347209960222244;134249504.0;11586.6083984375;0.08095001429319382;211424800.0;14540.4541015625
76;0.06266342103481293;130586560.0;11427.447265625;0.09126926213502884;270846400.0;16457.412109375
77;0.06335380673408508;134515936.0;11598.1005859375;0.0830010175704956;215962272.0;14695.654296875
78;0.06477934867143631;138633120.0;11774.2568359375;0.08262068778276443;218704352.0;14788.65625
79;0.06497272104024887;140298592.0;11844.7705078125;0.09110818058252335;270657632.0;16451.67578125
80;0.06327477097511292;132161768.0;11496.1630859375;0.07862044870853424;202735024.0;14238.5048828125
81;0.06281465291976929;131559368.0;11469.9326171875;0.07928728312253952;204640368.0;14305.2568359375
82;0.06568136811256409;145134576.0;12047.1806640625;0.08195633441209793;216917440.0;14728.1171875
83;0.06455905735492706;138062080.0;11749.982421875;0.07925033569335938;203576928.0;14268.0380859375
84;0.062814861536026;131309968.0;11459.0556640625;0.08063986152410507;209350288.0;14468.9423828125
85;0.06380672007799149;138553776.0;11770.88671875;0.08644869178533554;242491904.0;15572.1513671875
86;0.06365203112363815;136599200.0;11687.5654296875;0.09880941361188889;324633376.0;18017.583984375
87;0.06270106136798859;131485336.0;11466.705078125;0.07974615693092346;210536272.0;14509.8681640625
88;0.06101091951131821;123942008.0;11132.923828125;0.07854393869638443;199678144.0;14130.751953125
89;0.062314607203006744;131592224.0;11471.365234375;0.08551016449928284;224659776.0;14988.654296875
90;0.06300656497478485;133134640.0;11538.3984375;0.07997095584869385;207520560.0;14405.57421875
91;0.06221109256148338;129950632.0;11399.5888671875;0.08035917580127716;210387312.0;14504.734375
92;0.061606574803590775;127759144.0;11303.0595703125;0.08079768717288971;210234848.0;14499.4775390625
93;0.06335039436817169;132963192.0;11530.966796875;0.07861325889825821;200858480.0;14172.455078125
94;0.06195826455950737;128690544.0;11344.185546875;0.0832742229104042;228752368.0;15124.5615234375
95;0.062311526387929916;130406168.0;11419.5517578125;0.08169969916343689;216001872.0;14697.001953125
96;0.06185419484972954;129952856.0;11399.6865234375;0.0804101973772049;212450096.0;14575.66796875
97;0.06412827968597412;139929520.0;11829.1806640625;0.0822647288441658;224511824.0;14983.71875
98;0.06100840121507645;125097576.0;11184.7021484375;0.0800747349858284;208225008.0;14430.00390625
99;0.06177831068634987;128145600.0;11320.1416015625;0.07949835062026978;202226576.0;14220.638671875
100;0.06170407682657242;127391824.0;11286.798828125;0.0880558043718338;255076320.0;15971.1083984375
101;0.062011949717998505;129911216.0;11397.8603515625;0.08033382892608643;205355248.0;14330.2216796875
102;0.06091221794486046;124123320.0;11141.064453125;0.07810557633638382;202590240.0;14233.419921875
103;0.06322716921567917;137344304.0;11719.3984375;0.08040565252304077;205572288.0;14337.7919921875
104;0.06130209192633629;127188352.0;11277.78125;0.08146350085735321;218919936.0;14795.943359375
105;0.060988787561655045;125060288.0;11183.03515625;0.0800875872373581;207552560.0;14406.6845703125
106;0.06172255054116249;127739488.0;11302.189453125;0.07857655733823776;204441456.0;14298.3017578125
107;0.060995783656835556;126604384.0;11251.861328125;0.07881901413202286;200372416.0;14155.296875
108;0.06161782890558243;126653800.0;11254.056640625;0.08472885191440582;240184656.0;15497.8916015625
109;0.060898762196302414;125738816.0;11213.33203125;0.07642021775245667;195869888.0;13995.3515625
110;0.06162247061729431;130088408.0;11405.6298828125;0.08095564693212509;206062352.0;14354.8720703125
111;0.059859950095415115;120588776.0;10981.2919921875;0.08304416388273239;225537360.0;15017.9013671875
112;0.0600682757794857;121975416.0;11044.248046875;0.0894455686211586;263345968.0;16227.9375
113;0.06047547981142998;123789464.0;11126.0712890625;0.08246524631977081;221058064.0;14868.021484375
114;0.061093199998140335;127047176.0;11271.5205078125;0.08098641782999039;218109520.0;14768.53125
115;0.06073133647441864;125185136.0;11188.6162109375;0.07989611476659775;204033360.0;14284.0244140625
116;0.05984288081526756;120629944.0;10983.166015625;0.07866209745407104;197948416.0;14069.4140625
117;0.05939294770359993;118606896.0;10890.6787109375;0.07742448896169662;198041728.0;14072.7294921875
118;0.06051286309957504;122706864.0;11077.3125;0.08147469162940979;218571024.0;14784.1474609375
119;0.0600484199821949;122148936.0;11052.1005859375;0.07979174703359604;209776128.0;14483.650390625
120;0.06041909381747246;124181192.0;11143.6611328125;0.07770759612321854;203516096.0;14265.90625
121;0.06267739087343216;135774608.0;11652.236328125;0.09343715012073517;293794720.0;17140.44140625
122;0.061393458396196365;127452840.0;11289.5009765625;0.07947732508182526;204151952.0;14288.1748046875
123;0.05967976525425911;120040856.0;10956.3154296875;0.07996809482574463;211406432.0;14539.822265625
124;0.06005573272705078;121842808.0;11038.2431640625;0.07714244723320007;195013392.0;13964.7197265625
125;0.060701943933963776;124387672.0;11152.921875;0.08019190281629562;211638176.0;14547.7890625
126;0.059648673981428146;121060800.0;11002.7626953125;0.08376170694828033;232138032.0;15236.076171875
127;0.0603964701294899;122920168.0;11086.9365234375;0.08100860565900803;210014816.0;14491.8876953125
128;0.05957166478037834;120386952.0;10972.0986328125;0.07753574848175049;202294128.0;14223.013671875
129;0.06054438650608063;124440304.0;11155.28125;0.07706936448812485;195456016.0;13980.5576171875
130;0.05982999503612518;121715456.0;11032.47265625;0.0826290175318718;227568608.0;15085.376953125
131;0.0599864237010479;121541600.0;11024.5908203125;0.08000001311302185;209191136.0;14463.44140625
132;0.05996336042881012;120933984.0;10996.9990234375;0.07932940870523453;210658112.0;14514.06640625
133;0.05939524620771408;120052256.0;10956.8359375;0.08412651717662811;234681536.0;15319.318359375
134;0.059127870947122574;118915568.0;10904.841796875;0.07718205451965332;199321008.0;14118.109375
135;0.05929094925522804;119769312.0;10943.916015625;0.0801623985171318;207140400.0;14392.373046875
136;0.059941843152046204;121723856.0;11032.853515625;0.07742813974618912;198819808.0;14100.34765625
137;0.05883963406085968;117669712.0;10847.5673828125;0.08150903135538101;220111760.0;14836.1640625
138;0.05954749882221222;120420336.0;10973.6201171875;0.07805753499269485;204111728.0;14286.767578125
139;0.05962858721613884;120931464.0;10996.8837890625;0.08104492723941803;215642832.0;14684.7822265625
140;0.0581776425242424;115864520.0;10764.0380859375;0.08135148882865906;207610128.0;14408.6826171875
141;0.06083844602108002;124566096.0;11160.91796875;0.07812494784593582;205132800.0;14322.4580078125
142;0.05858795717358589;116233704.0;10781.173828125;0.08040659129619598;217974048.0;14763.9443359375
143;0.05950804427266121;120419968.0;10973.603515625;0.08080411702394485;215143968.0;14667.7861328125
144;0.059433713555336;120242104.0;10965.49609375;0.0796315148472786;210379824.0;14504.4755859375
145;0.05897121503949165;117708472.0;10849.353515625;0.07631585747003555;192229616.0;13864.689453125
146;0.058499451726675034;117020128.0;10817.583984375;0.08002464473247528;207834928.0;14416.48046875
147;0.0597388781607151;120485880.0;10976.60546875;0.08805646747350693;252381136.0;15886.5078125
148;0.059178221970796585;119237472.0;10919.5908203125;0.07720720767974854;195475696.0;13981.26171875
149;0.060834404081106186;125138168.0;11186.5166015625;0.07908715307712555;203420384.0;14262.5517578125
150;0.05922679975628853;118722728.0;10895.99609375;0.07762667536735535;203125552.0;14252.2119140625
151;0.059435609728097916;120658648.0;10984.47265625;0.08158919960260391;210836960.0;14520.2255859375
152;0.0588177815079689;117171304.0;10824.5693359375;0.08635067939758301;248289568.0;15757.20703125
153;0.05929361283779144;121060264.0;11002.73828125;0.08244748413562775;227299872.0;15076.4677734375
154;0.05890350416302681;118303824.0;10876.755859375;0.07987610995769501;205006480.0;14318.046875
155;0.0583672896027565;116562232.0;10796.3984375;0.0799332708120346;211081664.0;14528.6494140625
156;0.05859248340129852;116648744.0;10800.404296875;0.07780185341835022;202803264.0;14240.9013671875
157;0.059215351939201355;120717424.0;10987.1474609375;0.07767286151647568;198932224.0;14104.333984375
158;0.058798328042030334;119119656.0;10914.1953125;0.07747472822666168;197550336.0;14055.259765625
159;0.058386653661727905;116544632.0;10795.583984375;0.0803547203540802;209876336.0;14487.109375
160;0.0584976002573967;116595696.0;10797.9482421875;0.07466636598110199;190078432.0;13786.8935546875
161;0.05991652235388756;122107904.0;11050.244140625;0.07652471959590912;196091184.0;14003.255859375
162;0.058739494532346725;116595288.0;10797.9296875;0.083039291203022;218652496.0;14786.90234375
163;0.05863044038414955;115959976.0;10768.4716796875;0.07901805639266968;207944848.0;14420.29296875
164;0.05851294472813606;117463264.0;10838.046875;0.0848027914762497;240840544.0;15519.0380859375
165;0.05971429869532585;121401152.0;11018.21875;0.07946550846099854;211342400.0;14537.6201171875
166;0.05850519984960556;115781648.0;10760.1875;0.07835966348648071;200998192.0;14177.3828125
167;0.058368612080812454;116808096.0;10807.779296875;0.07994310557842255;213420256.0;14608.91015625
168;0.05842573940753937;116788000.0;10806.849609375;0.08586841076612473;238564288.0;15445.5263671875
169;0.05902408808469772;118751344.0;10897.30859375;0.0804465040564537;209122368.0;14461.0634765625
170;0.05861212685704231;117281704.0;10829.66796875;0.08112910389900208;215676048.0;14685.9130859375
171;0.05898372083902359;118428040.0;10882.46484375;0.07924510538578033;200919440.0;14174.60546875
172;0.05793917179107666;114168984.0;10684.98828125;0.084187351167202;230668960.0;15187.7900390625
173;0.058050185441970825;114843472.0;10716.5048828125;0.08798668533563614;252475584.0;15889.48046875
174;0.06252669543027878;135674912.0;11647.95703125;0.07809708267450333;201230144.0;14185.560546875
175;0.06081576645374298;128837352.0;11350.654296875;0.07781396806240082;202179440.0;14218.9814453125
176;0.05933649092912674;119930104.0;10951.259765625;0.07811371237039566;200703104.0;14166.97265625
177;0.059387609362602234;120103944.0;10959.1943359375;0.07962766289710999;206119152.0;14356.8505859375
178;0.05900288373231888;119563424.0;10934.505859375;0.08156323432922363;216148448.0;14701.9873046875
179;0.058097466826438904;115748016.0;10758.625;0.0794597715139389;204054928.0;14284.779296875
180;0.06018022075295448;123878432.0;11130.068359375;0.08255697041749954;221344960.0;14877.666015625
181;0.05888012796640396;117238368.0;10827.6669921875;0.07752059400081635;197817536.0;14064.76171875
182;0.058506861329078674;117248984.0;10828.1572265625;0.08272630721330643;226835744.0;15061.0673828125
183;0.05915781855583191;118686808.0;10894.34765625;0.07984533905982971;202774176.0;14239.8798828125
184;0.059040606021881104;118694336.0;10894.6923828125;0.0852840319275856;238713680.0;15450.3623046875
185;0.0598173551261425;122863112.0;11084.36328125;0.08118290454149246;204692464.0;14307.0771484375
186;0.05807936564087868;114570224.0;10703.748046875;0.07699383050203323;197818448.0;14064.7939453125
187;0.05788304656744003;113963328.0;10675.3603515625;0.07622774690389633;196857728.0;14030.599609375
188;0.05742360278964043;112761800.0;10618.935546875;0.07874816656112671;201653344.0;14200.4697265625
189;0.05781644210219383;114579296.0;10704.171875;0.08122259378433228;205807152.0;14345.98046875
190;0.058012042194604874;114899496.0;10719.1181640625;0.08258464932441711;223696800.0;14956.4970703125
191;0.05843522399663925;117280664.0;10829.6201171875;0.08220688998699188;222685056.0;14922.6357421875
192;0.05792189761996269;114938768.0;10720.9501953125;0.0788588598370552;202448144.0;14228.4267578125
193;0.05826662480831146;115294008.0;10737.5048828125;0.07703356444835663;195142816.0;13969.3525390625
194;0.058131735771894455;115181600.0;10732.26953125;0.07984236627817154;204588368.0;14303.4384765625
195;0.05815302953124046;115364992.0;10740.8095703125;0.07844221591949463;202683680.0;14236.7021484375
196;0.057907022535800934;114462104.0;10698.6962890625;0.07603023201227188;193149808.0;13897.833984375
197;0.05847081542015076;116260408.0;10782.412109375;0.07712417095899582;198667088.0;14094.931640625
198;0.0579233281314373;115322608.0;10738.8369140625;0.07883677631616592;198292496.0;14081.63671875
199;0.057990070432424545;115582056.0;10750.9091796875;0.07847464084625244;197071680.0;14038.2216796875
200;0.05858884006738663;117393744.0;10834.83984375;0.08960078656673431;263325744.0;16227.314453125
201;0.05844304710626602;115966048.0;10768.7529296875;0.08011003583669662;212788112.0;14587.2587890625
202;0.058754973113536835;127108904.0;11274.2578125;0.0814209133386612;218489232.0;14781.380859375
203;0.060006577521562576;123497144.0;11112.9267578125;0.08275460451841354;219456560.0;14814.06640625
204;0.05819569155573845;116039264.0;10772.15234375;0.07943526655435562;204014464.0;14283.36328125
205;0.05751820281147957;113802480.0;10667.82421875;0.07771813869476318;200511168.0;14160.1962890625
206;0.05935654044151306;119283288.0;10921.6884765625;0.07715483009815216;192973360.0;13891.484375
207;0.05822794884443283;115708704.0;10756.7978515625;0.08147129416465759;219552416.0;14817.30078125
208;0.0574941486120224;112335440.0;10598.8408203125;0.07626337558031082;192226112.0;13864.5634765625
209;0.0584515705704689;116328632.0;10785.5751953125;0.08225496858358383;220109744.0;14836.095703125
210;0.05796297639608383;113926568.0;10673.638671875;0.07817208021879196;201320416.0;14188.7421875
211;0.05805440619587898;114572560.0;10703.857421875;0.079639732837677;211000912.0;14525.8701171875
212;0.05801389738917351;115418480.0;10743.298828125;0.07839243859052658;201472176.0;14194.0888671875
213;0.0576523132622242;113528776.0;10654.98828125;0.0800996795296669;210751792.0;14517.29296875
214;0.05800513178110123;114013848.0;10677.7265625;0.07824968546628952;201536112.0;14196.3408203125
215;0.05794738605618477;114438944.0;10697.61328125;0.07792795449495316;203595264.0;14268.6806640625
216;0.0590469092130661;118678216.0;10893.953125;0.07965418696403503;210129664.0;14495.849609375
217;0.05765703320503235;113356176.0;10646.8857421875;0.07791385054588318;197161200.0;14041.41015625
218;0.05729817599058151;112367080.0;10600.333984375;0.07634541392326355;193248528.0;13901.3857421875
219;0.057571928948163986;113809208.0;10668.1396484375;0.07711565494537354;197441264.0;14051.37890625
220;0.057536035776138306;113159376.0;10637.6396484375;0.08254551142454147;223426416.0;14947.455078125
221;0.05745266377925873;112279696.0;10596.2109375;0.07810185849666595;203097200.0;14251.2177734375
222;0.05857384204864502;117192776.0;10825.5615234375;0.07649559527635574;194787152.0;13956.6171875
223;0.058302633464336395;116391528.0;10788.490234375;0.07801435142755508;196107344.0;14003.8330078125
224;0.057852353900671005;114711552.0;10710.34765625;0.07814019918441772;200589888.0;14162.9755859375
225;0.05693618208169937;109962344.0;10486.29296875;0.07763456553220749;201785328.0;14205.1162109375
226;0.05717931315302849;112469896.0;10605.1826171875;0.07683410495519638;195337504.0;13976.3193359375
227;0.05792992189526558;113523664.0;10654.748046875;0.07924120128154755;205163888.0;14323.54296875
228;0.05728226527571678;112357632.0;10599.8876953125;0.07870018482208252;199655552.0;14129.9521484375
229;0.057105064392089844;111039384.0;10537.5224609375;0.08711297065019608;246098128.0;15687.5146484375
230;0.05800933390855789;113746096.0;10665.181640625;0.08373779058456421;230189600.0;15172.0009765625
231;0.05776217579841614;113945152.0;10674.5087890625;0.07954854518175125;198330304.0;14082.9794921875
232;0.057731930166482925;112785048.0;10620.0302734375;0.07835265249013901;202027136.0;14213.625
233;0.05716890096664429;111056976.0;10538.357421875;0.07791534811258316;202092864.0;14215.9365234375
234;0.057615187019109726;113208616.0;10639.953125;0.08811768889427185;257753440.0;16054.701171875
235;0.05742194131016731;112321728.0;10598.1943359375;0.07974334061145782;210176960.0;14497.4814453125
236;0.05726294592022896;111314536.0;10550.5703125;0.07812056690454483;200767792.0;14169.2548828125
237;0.05755440145730972;112483208.0;10605.8095703125;0.07634174823760986;195259024.0;13973.5107421875
238;0.05749993398785591;113110744.0;10635.353515625;0.0792393758893013;204148880.0;14288.0673828125
239;0.05698603391647339;110172264.0;10496.2978515625;0.07705307751893997;199718640.0;14132.1845703125
240;0.05621831491589546;107899608.0;10387.4736328125;0.07875265181064606;206026464.0;14353.6220703125
241;0.05714665725827217;110740968.0;10523.353515625;0.0819002315402031;219446464.0;14813.7255859375
242;0.05955347418785095;119086032.0;10912.654296875;0.0773359090089798;197937040.0;14069.009765625
243;0.05707509070634842;111110056.0;10540.875;0.07775904983282089;202043376.0;14214.1962890625
244;0.057323914021253586;111455352.0;10557.2412109375;0.07948135584592819;213698000.0;14618.4130859375
245;0.05746927857398987;112166720.0;10590.87890625;0.07741905748844147;198292656.0;14081.642578125
246;0.05753801390528679;113338584.0;10646.0595703125;0.08058445900678635;214701216.0;14652.685546875
247;0.05651543289422989;108713208.0;10426.5625;0.07823945581912994;200853856.0;14172.2919921875
248;0.0563211515545845;108194408.0;10401.654296875;0.08006109297275543;208153280.0;14427.517578125
249;0.05745206028223038;112464616.0;10604.93359375;0.08214405179023743;224377200.0;14979.2255859375
250;0.056800879538059235;109889944.0;10482.8408203125;0.07901174575090408;201288560.0;14187.6201171875
251;0.05730784311890602;111636896.0;10565.8359375;0.08015459030866623;206324816.0;14364.0107421875
252;0.056270044296979904;107624568.0;10374.2265625;0.07789399474859238;202688384.0;14236.8671875
253;0.05678270012140274;109839096.0;10480.4150390625;0.07861821353435516;201789440.0;14205.2607421875
254;0.05666326358914375;110083416.0;10492.064453125;0.07813012599945068;205067296.0;14320.1708984375
255;0.06351891905069351;246264320.0;15692.810546875;0.08136216551065445;217258368.0;14739.6865234375
256;0.05763456970453262;113776456.0;10666.6044921875;0.07801259309053421;200103792.0;14145.8046875
257;0.056828852742910385;111292664.0;10549.533203125;0.07722263783216476;197516304.0;14054.048828125
258;0.05719715729355812;112176008.0;10591.3173828125;0.07678848505020142;198280976.0;14081.2275390625
259;0.05719693377614021;111274544.0;10548.6748046875;0.07801411300897598;201580880.0;14197.91796875
260;0.0566936731338501;109139640.0;10446.9912109375;0.08008987456560135;212803728.0;14587.7939453125
261;0.056406162679195404;109893352.0;10483.0029296875;0.08353865891695023;230874688.0;15194.560546875
262;0.056953735649585724;110600616.0;10516.6826171875;0.07830590009689331;203318544.0;14258.9814453125
263;0.058726854622364044;119571096.0;10934.8564453125;0.07833582162857056;201354064.0;14189.927734375
264;0.05735849589109421;112527328.0;10607.8896484375;0.0769433081150055;197060944.0;14037.83984375
265;0.05679542198777199;110726208.0;10522.65234375;0.07626795023679733;192501776.0;13874.5009765625
266;0.05615374073386192;107854632.0;10385.30859375;0.07718502730131149;196383056.0;14013.673828125
267;0.0580470897257328;114682696.0;10709.0009765625;0.07971620559692383;206699296.0;14377.0400390625
268;0.056674741208553314;110183936.0;10496.853515625;0.07708302140235901;201242144.0;14185.9833984375
269;0.05692711099982262;110814200.0;10526.83203125;0.07902705669403076;208832416.0;14451.03515625
270;0.0566498227417469;110492840.0;10511.5576171875;0.07733442634344101;197849824.0;14065.9091796875
271;0.05622724071145058;107810136.0;10383.166015625;0.08117803931236267;221378464.0;14878.7919921875
272;0.05573844164609909;106515504.0;10320.634765625;0.07853157818317413;200584560.0;14162.7880859375
273;0.057951897382736206;117572288.0;10843.0751953125;0.08031725138425827;212468112.0;14576.2861328125
274;0.0560203492641449;107517776.0;10369.078125;0.07882716506719589;206141952.0;14357.64453125
275;0.05615517497062683;107460592.0;10366.3203125;0.07761304825544357;201149616.0;14182.72265625
276;0.055800631642341614;105682640.0;10280.2060546875;0.07797796279191971;198466896.0;14087.828125
277;0.056015606969594955;107139856.0;10350.837890625;0.07793127745389938;198866928.0;14102.0185546875
278;0.056394822895526886;108721680.0;10426.96875;0.08323872834444046;229115856.0;15136.5732421875
279;0.05787724629044533;113396192.0;10648.7646484375;0.07720569521188736;197724864.0;14061.466796875
280;0.056766193360090256;110288848.0;10501.849609375;0.0787348523736;204543840.0;14301.8818359375
281;0.05628597363829613;108698032.0;10425.8349609375;0.07966399937868118;206995520.0;14387.3388671875
282;0.057065803557634354;110272832.0;10501.0869140625;0.07664993405342102;192356320.0;13869.2578125
283;0.05707051604986191;109656592.0;10471.7041015625;0.07884124666452408;206134112.0;14357.37109375
284;0.05786833167076111;114596080.0;10704.9560546875;0.08107159286737442;217644560.0;14752.78125
285;0.056370608508586884;108315024.0;10407.4501953125;0.07790477573871613;202767248.0;14239.63671875
286;0.05594862625002861;107298712.0;10358.5087890625;0.07659260183572769;191868464.0;13851.6591796875
287;0.05622442439198494;107730496.0;10379.330078125;0.0780949741601944;199792016.0;14134.7802734375
288;0.058188874274492264;164179856.0;12813.2685546875;0.08117131888866425;213064704.0;14596.736328125
289;0.05829699710011482;114268696.0;10689.6533203125;0.07775754481554031;200184960.0;14148.673828125
290;0.05649890750646591;107678480.0;10376.82421875;0.08208443969488144;224315968.0;14977.181640625
291;0.055905092507600784;106039976.0;10297.5712890625;0.07756320387125015;196672176.0;14023.9853515625
292;0.0557703971862793;105552384.0;10273.869140625;0.07762187719345093;201499952.0;14195.0673828125
293;0.055857740342617035;105638328.0;10278.05078125;0.0772794559597969;199413552.0;14121.3857421875
294;0.056186363101005554;108214968.0;10402.642578125;0.07942662388086319;203597952.0;14268.775390625
295;0.055655211210250854;104703704.0;10232.482421875;0.07940441370010376;211536944.0;14544.3095703125
296;0.05552714318037033;104777792.0;10236.1025390625;0.07878950983285904;204836016.0;14312.0927734375
297;0.055819157510995865;106425928.0;10316.2939453125;0.07611173391342163;193739920.0;13919.048828125
298;0.05546528100967407;104451848.0;10220.1689453125;0.07997985929250717;212396704.0;14573.8359375
299;0.0566830076277256;110055496.0;10490.734375;0.07733216881752014;196522832.0;14018.66015625
300;0.05579743906855583;105389008.0;10265.9150390625;0.0784316286444664;206144016.0;14357.7158203125
301;0.05546700209379196;104040048.0;10200.001953125;0.07726603001356125;199560784.0;14126.5986328125
302;0.05599457770586014;107030160.0;10345.5380859375;0.07678025215864182;194897360.0;13960.564453125
303;0.05538630485534668;103855320.0;10190.9423828125;0.08346902579069138;238292144.0;15436.7138671875
304;0.056023988872766495;106336848.0;10311.9755859375;0.07873547822237015;202392688.0;14226.478515625
305;0.056017130613327026;106781152.0;10333.4970703125;0.07840122282505035;199018432.0;14107.3896484375
306;0.05680711567401886;109464760.0;10462.541015625;0.07709243148565292;197379968.0;14049.1982421875
307;0.05605766177177429;105444376.0;10268.611328125;0.07675817608833313;196628528.0;14022.4296875
308;0.05581171438097954;105258584.0;10259.560546875;0.08082214742898941;213326192.0;14605.6904296875
309;0.057032957673072815;110794056.0;10525.875;0.07768295705318451;198816512.0;14100.2314453125
310;0.05584445595741272;105652848.0;10278.7568359375;0.07856389880180359;206338816.0;14364.498046875
311;0.05569606274366379;104662280.0;10230.4580078125;0.07988101243972778;213183760.0;14600.8134765625
312;0.05642499029636383;108158496.0;10399.927734375;0.07869065552949905;204741488.0;14308.7900390625
313;0.05599085986614227;107346408.0;10360.810546875;0.0814066007733345;210881472.0;14521.7587890625
314;0.05593530461192131;105258912.0;10259.576171875;0.07785601913928986;204387216.0;14296.4052734375
315;0.05530210956931114;103725680.0;10184.580078125;0.0774824321269989;198899120.0;14103.16015625
316;0.05590488761663437;105277528.0;10260.4833984375;0.07805061340332031;200923632.0;14174.7529296875
317;0.056042954325675964;107088976.0;10348.3798828125;0.08375683426856995;228471344.0;15115.2685546875
318;0.05683235824108124;111086808.0;10539.7724609375;0.07854542136192322;201498272.0;14195.0087890625
319;0.05589698255062103;105466864.0;10269.7060546875;0.07837878167629242;202532224.0;14231.3818359375
320;0.05587238818407059;105623480.0;10277.328125;0.07823232561349869;199928032.0;14139.5908203125
321;0.05528300628066063;104484664.0;10221.7734375;0.07813471555709839;202989600.0;14247.44140625
322;0.05545520782470703;105590560.0;10275.7265625;0.09027428925037384;269524032.0;16417.185546875
323;0.05609281361103058;106256712.0;10308.08984375;0.0860854908823967;248660944.0;15768.986328125
324;0.05608787015080452;106597464.0;10324.6044921875;0.08309502899646759;227376944.0;15079.0234375
325;0.055783823132514954;105213856.0;10257.380859375;0.07847199589014053;202816848.0;14241.3779296875
326;0.055536773055791855;105160168.0;10254.7626953125;0.07682733982801437;197212976.0;14043.25390625
327;0.05598393455147743;106429344.0;10316.4599609375;0.07962878793478012;206064352.0;14354.94140625
328;0.055414486676454544;103500200.0;10173.5048828125;0.07732929289340973;199311584.0;14117.775390625
329;0.055844392627477646;106812888.0;10335.0322265625;0.08039551228284836;218959984.0;14797.2958984375
330;0.056804005056619644;110085400.0;10492.1591796875;0.08022905886173248;216118976.0;14700.9853515625
331;0.055650752037763596;104829096.0;10238.607421875;0.07826627790927887;201807744.0;14205.9052734375
332;0.05709928274154663;111645872.0;10566.2607421875;0.07863915711641312;205162960.0;14323.5107421875
333;0.05513066053390503;103286136.0;10162.978515625;0.07807794213294983;201503664.0;14195.1982421875
334;0.055070072412490845;103416280.0;10169.3798828125;0.0773099809885025;194709312.0;13953.828125
335;0.05591113120317459;105662168.0;10279.2099609375;0.07878964394330978;202994864.0;14247.626953125
336;0.05546427518129349;104781992.0;10236.3076171875;0.07736051827669144;196790960.0;14028.2197265625
337;0.055500105023384094;105101848.0;10251.9189453125;0.07856010645627975;203518832.0;14266.0029296875
338;0.055432483553886414;104718376.0;10233.19921875;0.07879786193370819;206882144.0;14383.3984375
339;0.05532250925898552;103864000.0;10191.369140625;0.0772198885679245;198069248.0;14073.70703125
340;0.054873161017894745;102711584.0;10134.671875;0.07805293798446655;201854272.0;14207.54296875
341;0.055460233241319656;104896952.0;10241.9208984375;0.07830466330051422;206554784.0;14372.013671875
342;0.05542886629700661;105177536.0;10255.609375;0.07996346056461334;213793312.0;14621.6728515625
343;0.05642783269286156;107669856.0;10376.408203125;0.07922133803367615;208061216.0;14424.3271484375
344;0.05551578104496002;103977400.0;10196.9306640625;0.07952205836772919;202884416.0;14243.75
345;0.054791297763586044;101959312.0;10097.490234375;0.07748491317033768;201406240.0;14191.7666015625
346;0.05588525906205177;106120872.0;10301.498046875;0.07743871212005615;199478016.0;14123.6689453125
347;0.05482741817831993;102009552.0;10099.9775390625;0.08182448893785477;213345184.0;14606.3408203125
348;0.054890915751457214;101785736.0;10088.8916015625;0.07902615517377853;201768736.0;14204.5322265625
349;0.0551440604031086;103000000.0;10148.8916015625;0.07869456708431244;204094464.0;14286.1630859375
350;0.0568956583738327;109598616.0;10468.935546875;0.07984843105077744;210260176.0;14500.3505859375
351;0.05517861247062683;102604880.0;10129.40625;0.0775785744190216;197499536.0;14053.4521484375
352;0.05540180951356888;104269704.0;10211.25390625;0.07849474996328354;206518208.0;14370.7412109375
353;0.055662333965301514;105211952.0;10257.2880859375;0.08035869151353836;209129344.0;14461.3046875
354;0.05437574163079262;99856520.0;9992.8232421875;0.0801738053560257;215771664.0;14689.16796875
355;0.05451538413763046;101823224.0;10090.7490234375;0.07916334271430969;200805312.0;14170.5791015625
356;0.05497528985142708;102251472.0;10111.947265625;0.0784529522061348;200771616.0;14169.3896484375
357;0.05499813333153725;102039616.0;10101.4658203125;0.0789462998509407;211431312.0;14540.677734375
358;0.05503992363810539;103145048.0;10156.03515625;0.08004778623580933;211444752.0;14541.1396484375
359;0.05528375878930092;104776840.0;10236.0556640625;0.076484814286232;198673920.0;14095.173828125
360;0.05487670749425888;102203144.0;10109.556640625;0.07934032380580902;206551408.0;14371.896484375
361;0.05523471161723137;104317912.0;10213.6142578125;0.07732183486223221;196800208.0;14028.5498046875
362;0.05508328229188919;102283528.0;10113.5322265625;0.07876135408878326;209205040.0;14463.921875
363;0.05525690317153931;102733472.0;10135.751953125;0.07777638733386993;198245584.0;14079.970703125
364;0.05498947575688362;102282312.0;10113.4716796875;0.07830344885587692;202071488.0;14215.1845703125
365;0.05503365769982338;102811168.0;10139.583984375;0.07828093320131302;205116160.0;14321.876953125
366;0.054586153477430344;100908984.0;10045.345703125;0.07838086783885956;206383184.0;14366.04296875
367;0.054846592247486115;103557664.0;10176.328125;0.07823687791824341;199500400.0;14124.4609375
368;0.054953861981630325;101652464.0;10082.2841796875;0.07778210937976837;199904032.0;14138.7421875
369;0.055267851799726486;103670824.0;10181.88671875;0.08217406272888184;223608064.0;14953.5302734375
370;0.054517608135938644;100674120.0;10033.6494140625;0.07817307114601135;200174672.0;14148.3095703125
371;0.054327089339494705;100803904.0;10040.1142578125;0.07850949466228485;204824784.0;14311.701171875
372;0.05644344538450241;122679176.0;11076.0634765625;0.07926247268915176;209312576.0;14467.638671875
373;0.05572392791509628;105492072.0;10270.93359375;0.07977468520402908;203724480.0;14273.2080078125
374;0.054939329624176025;101989568.0;10098.98828125;0.07589232921600342;194530032.0;13947.40234375
375;0.054587651044130325;100739888.0;10036.92578125;0.08088414371013641;217891904.0;14761.162109375
376;0.05453548952937126;101066960.0;10053.2060546875;0.07771255075931549;200448880.0;14157.9970703125
377;0.05448605492711067;100600112.0;10029.9609375;0.07870857417583466;206462112.0;14368.7890625
378;0.0544806569814682;100390328.0;10019.4970703125;0.0837959498167038;234417680.0;15310.705078125
379;0.056151486933231354;105956072.0;10293.49609375;0.08005546778440475;215433824.0;14677.6640625
380;0.05435571074485779;99776008.0;9988.7939453125;0.08005055785179138;205001696.0;14317.8798828125
381;0.054813217371702194;102390608.0;10118.82421875;0.07864253222942352;206121552.0;14356.93359375
382;0.054440177977085114;100952096.0;10047.4921875;0.08066613227128983;215939376.0;14694.8759765625
383;0.054128553718328476;98751272.0;9937.3671875;0.07961682230234146;211640336.0;14547.86328125
384;0.05476732179522514;101660128.0;10082.6650390625;0.07767968624830246;199524496.0;14125.3134765625
385;0.05417046323418617;99491224.0;9974.529296875;0.0805961862206459;217713712.0;14755.125
386;0.05465902388095856;101164176.0;10058.0400390625;0.0799812376499176;211150224.0;14531.0087890625
387;0.05469203367829323;101151992.0;10057.4345703125;0.07927371561527252;211519584.0;14543.712890625
388;0.05417493358254433;99286192.0;9964.24609375;0.08029568195343018;211331376.0;14537.2412109375
389;0.05530831962823868;104055240.0;10200.7470703125;0.08175773918628693;223855520.0;14961.8017578125
390;0.05789583921432495;163696976.0;12794.4111328125;0.07898923754692078;202352432.0;14225.0634765625
391;0.055757246911525726;105664696.0;10279.3330078125;0.0798787847161293;206948752.0;14385.7138671875
392;0.05484514310956001;101813824.0;10090.283203125;0.07841853052377701;200395328.0;14156.10546875
393;0.054746728390455246;100638192.0;10031.8583984375;0.07755532115697861;200781504.0;14169.7392578125
394;0.05442856624722481;100010920.0;10000.5458984375;0.07916220277547836;209089568.0;14459.9296875
395;0.05455992370843887;100600840.0;10029.9970703125;0.07865878939628601;206790192.0;14380.201171875
396;0.05451396107673645;100128352.0;10006.4150390625;0.08133301883935928;221860928.0;14894.9970703125
397;0.054863180965185165;101985760.0;10098.7998046875;0.0801011249423027;218315504.0;14775.5029296875
398;0.05480717122554779;101583992.0;10078.888671875;0.07791458815336227;204093536.0;14286.130859375
399;0.05461231246590614;100249032.0;10012.443359375;0.07774721831083298;202480304.0;14229.5576171875
400;0.05414128676056862;99415720.0;9970.7431640625;0.07829823344945908;204979536.0;14317.1064453125
401;0.05528794974088669;102821296.0;10140.0830078125;0.07750048488378525;200403424.0;14156.3916015625
402;0.05516287684440613;102631480.0;10130.7197265625;0.08016786724328995;210637776.0;14513.365234375
403;0.054367709904909134;99030032.0;9951.3828125;0.07900019735097885;206731264.0;14378.15234375
404;0.05386699363589287;98873896.0;9943.53515625;0.07778796553611755;203952512.0;14281.1943359375
405;0.05384587496519089;98380640.0;9918.701171875;0.08558681607246399;240035872.0;15493.0908203125
406;0.05522532761096954;102666264.0;10132.4365234375;0.07889086753129959;205695472.0;14342.0869140625
407;0.05476762726902962;100633824.0;10031.640625;0.07688258588314056;200585216.0;14162.810546875
408;0.05423419177532196;99818832.0;9990.9375;0.07774102687835693;198672544.0;14095.125
409;0.05509915202856064;103556248.0;10176.2587890625;0.07755003869533539;205220016.0;14325.501953125
410;0.05463660880923271;100220504.0;10011.0185546875;0.0789937973022461;209028176.0;14457.806640625
411;0.05448657646775246;100701976.0;10035.037109375;0.07890159636735916;208222480.0;14429.916015625
412;0.05477459356188774;100467248.0;10023.3349609375;0.0772036537528038;199127344.0;14111.2490234375
413;0.054514121264219284;100091920.0;10004.5947265625;0.0774756446480751;200252816.0;14151.0712890625
414;0.05430503189563751;99995320.0;9999.765625;0.07907670736312866;209955904.0;14489.85546875
415;0.05391911044716835;98677976.0;9933.6787109375;0.0796843022108078;215305424.0;14673.2890625
416;0.054485637694597244;100818464.0;10040.83984375;0.07800682634115219;202339056.0;14224.5927734375
417;0.05469287931919098;100911272.0;10045.4599609375;0.08054285496473312;213555808.0;14613.548828125
418;0.053995002061128616;98808488.0;9940.24609375;0.0780940130352974;200824048.0;14171.240234375
419;0.05454671010375023;100270504.0;10013.515625;0.08147693425416946;221106144.0;14869.638671875
420;0.05471595749258995;101910632.0;10095.0791015625;0.0822887271642685;225060144.0;15002.00390625
421;0.05409003049135208;98914920.0;9945.59765625;0.07710660248994827;201322752.0;14188.82421875
422;0.054057300090789795;98448000.0;9922.0966796875;0.07901567220687866;205863664.0;14347.94921875
423;0.05389910563826561;97445480.0;9871.447265625;0.07702140510082245;197784128.0;14063.57421875
424;0.05503933131694794;102194736.0;10109.140625;0.07710043340921402;198405408.0;14085.6455078125
425;0.05404384061694145;99456240.0;9972.775390625;0.07898926734924316;203099648.0;14251.3037109375
426;0.054270096123218536;99493760.0;9974.65625;0.08079126477241516;217920912.0;14762.14453125
427;0.053064703941345215;95946096.0;9795.2080078125;0.08309371769428253;230429472.0;15179.9033203125
428;0.05390729755163193;98317792.0;9915.533203125;0.07809973508119583;204747328.0;14308.994140625
429;0.05487402528524399;102418696.0;10120.2119140625;0.0778929591178894;204603600.0;14303.970703125
430;0.054034747183322906;98708208.0;9935.2001953125;0.07787027209997177;202476032.0;14229.4072265625
431;0.058458417654037476;202328672.0;14224.228515625;0.08530253171920776;234191408.0;15303.3134765625
432;0.05495952442288399;128000640.0;11313.736328125;0.08294790238142014;226853424.0;15061.654296875
433;0.056330349296331406;106472152.0;10318.5341796875;0.07978513836860657;207196016.0;14394.3046875
434;0.054197490215301514;98638080.0;9931.669921875;0.08112530410289764;219432768.0;14813.2626953125
435;0.05380049720406532;97507952.0;9874.611328125;0.07987932115793228;213330736.0;14605.845703125
436;0.053491976112127304;97503408.0;9874.380859375;0.07874801009893417;206697408.0;14376.974609375
437;0.05399450659751892;98384224.0;9918.8818359375;0.07743433117866516;202330288.0;14224.28515625
438;0.05367689207196236;97241320.0;9861.1015625;0.07885909825563431;204980880.0;14317.1533203125
439;0.05334822088479996;96470304.0;9821.9296875;0.0781395360827446;202816784.0;14241.3759765625
440;0.05349293723702431;96581496.0;9827.587890625;0.08127085864543915;222058256.0;14901.619140625
441;0.053735025227069855;97987192.0;9898.84765625;0.0798807367682457;209343424.0;14468.705078125
442;0.054961733520030975;103625968.0;10179.6845703125;0.07856373488903046;200177920.0;14148.4248046875
443;0.05355273187160492;97517720.0;9875.10546875;0.07835911214351654;205572016.0;14337.7822265625
444;0.05341063812375069;96367384.0;9816.689453125;0.07882983982563019;207015792.0;14388.04296875
445;0.05340538173913956;97072064.0;9852.515625;0.08204571902751923;221803152.0;14893.0576171875
446;0.05389529466629028;97162088.0;9857.0830078125;0.08091436326503754;215655168.0;14685.2021484375
447;0.06015177071094513;131295608.0;11458.4296875;0.0780697762966156;204961968.0;14316.4931640625
448;0.05752366781234741;114660232.0;10707.951171875;0.08002324402332306;210882688.0;14521.80078125
449;0.05658596009016037;111109008.0;10540.8251953125;0.07733219116926193;199841728.0;14136.5390625
450;0.05582087114453316;106915776.0;10340.0087890625;0.07721937447786331;201293472.0;14187.79296875
451;0.055306244641542435;105018896.0;10247.873046875;0.07750006020069122;200266112.0;14151.541015625
452;0.05579860508441925;106450584.0;10317.4892578125;0.07935931533575058;205011440.0;14318.220703125
453;0.05522526055574417;105568528.0;10274.654296875;0.08030170947313309;211536320.0;14544.2880859375
454;0.05485129356384277;103879160.0;10192.1123046875;0.07821761816740036;199097856.0;14110.2041015625
455;0.05568716675043106;107395672.0;10363.1884765625;0.07782109826803207;201277216.0;14187.2197265625
456;0.05529260262846947;104263592.0;10210.9541015625;0.0779620036482811;204769776.0;14309.7783203125
457;0.05481432005763054;103230544.0;10160.2431640625;0.0764780342578888;197147552.0;14040.923828125
458;0.05464658513665199;102494536.0;10123.9580078125;0.07984872162342072;209884688.0;14487.3974609375
459;0.05581381171941757;106195216.0;10305.1064453125;0.0810142457485199;212788400.0;14587.2685546875
460;0.05528779327869415;103114952.0;10154.552734375;0.0791768878698349;208116000.0;14426.2255859375
